model,MAE,RMSE,R2
baseline,1.4658800000000007,4.034853648399998,0.9389245229252972
linear_regression,1.2057438899065198,2.465277015270269,0.9626831645086711
random_forest,1.3841295791204329,3.2443103461391303,0.9508909567891226
lightgbm,1.6431832595526772,4.327204279067481,0.9344992188629831
